BAPU/bapu_01.jpg,2
BAPU/bapu_02.jpg,2
BAPU/bapu_03.jpg,2
BAPU/bapu_04.jpg,2
BAPU/bapu_05.jpg,2
BAPU/bapu_06.jpg,2
BAPU/bapu_07.jpg,2
BAPU/bapu_08.jpg,2
BAPU/bapu_08.jpg,2
BAPU/bapu_10.jpg,2
BAPU/bapu_11.jpg,2
BAPU/bapu_12.jpg,2
BAPU/bapu_13.jpg,2
BAPU/bapu_14.jpg,2
BAPU/bapu_15.jpg,2
BAPU/bapu_16.jpg,2
BAPU/bapu_17.jpg,2
BAPU/bapu_18.jpg,2
BAPU/bapu_19.jpg,2
BAPU/bapu_20.jpg,2
BAPU/bapu_21.jpg,2
BAPU/bapu_22.jpg,2
BAPU/bapu_23.jpg,2
BAPU/bapu_24.jpg,2
BAPU/bapu_25.jpg,2
BAPU/bapu_26.jpg,2
BAPU/bapu_27.jpg,2
BAPU/bapu_28.jpg,2
BAPU/bapu_29.jpg,2
BAPU/bapu_30.jpg,2
BAPU/bapu_31.jpg,2
BAPU/bapu_32.jpg,2
BAPU/bapu_33.jpg,2
BAPU/bapu_34.jpg,2
BAPU/bapu_35.jpg,2
BAPU/bapu_36.jpg,2
BAPU/bapu_37.jpg,2
BAPU/bapu_38.jpg,2
BAPU/bapu_39.jpg,2
BAPU/bapu_40.jpg,2
BAPU/bapu_41.jpg,2
BAPU/bapu_42.jpg,2
BAPU/bapu_43.jpg,2
BAPU/bapu_44.jpg,2
BAPU/bapu_45.jpg,2
BAPU/bapu_46.jpg,2
BAPU/bapu_47.jpg,2
BAPU/bapu_48.jpg,2
BAPU/bapu_49.jpg,2
BAPU/bapu_50.jpg,2
BAPU/bapu_51.jpg,2
BAPU/bapu_52.jpg,2
BAPU/bapu_53.jpg,2
BAPU/bapu_54.jpg,2
BAPU/bapu_55.jpg,2
BAPU/bapu_56.jpg,2
BAPU/bapu_57.jpg,2
BAPU/bapu_58.jpg,2
BAPU/bapu_59.jpg,2
BAPU/bapu_60.jpg,2
BAPU/bapu_61.jpg,2
BAPU/bapu_62.jpg,2
BAPU/bapu_63.jpg,2
BAPU/bapu_64.jpg,2
BAPU/bapu_65.jpg,2
BAPU/bapu_66.jpg,2
BAPU/bapu_67.jpg,2
BAPU/bapu_68.jpg,2
BAPU/bapu_69.jpg,2
BAPU/bapu_70.jpg,2
BAPU/bapu_71.jpg,2
BAPU/bapu_72.jpg,2
BAPU/bapu_73.jpg,2
BAPU/bapu_74.jpg,2
BAPU/bapu_75.jpg,2
BAPU/bapu_76.jpg,2
BAPU/bapu_77.jpg,2
BAPU/bapu_78.jpg,2
BAPU/bapu_79.jpg,2
BAPU/bapu_80.jpg,2
BAPU/bapu_81.jpg,2
BAPU/bapu_82.jpg,2
BAPU/bapu_83.jpg,2
BAPU/bapu_84.jpg,2
BAPU/bapu_85.jpg,2
BAPU/bapu_86.jpg,2
BAPU/bapu_87.jpg,2
BAPU/bapu_88.jpg,2
BAPU/bapu_89.jpg,2
BAPU/bapu_90.jpg,2
BAPU/bapu_91.jpg,2
BAPU/bapu_92.jpg,2
BAPU/bapu_93.jpg,2
BAPU/bapu_94.jpg,2
BAPU/bapu_95.jpg,2
BAPU/bapu_96.jpg,2
BAPU/bapu_97.jpg,2
BAPU/bapu_98.jpg,2
BAPU/bapu_99.jpg,2
BAPU/bapu_100.jpg,2
BAPU/bapu_101.jpg,2
BAPU/bapu_102.jpg,2
BAPU/bapu_103.jpg,2
BAPU/bapu_104.jpg,2
BAPU/bapu_105.jpg,2
BAPU/bapu_106.jpg,2
BAPU/bapu_107.jpg,2
BAPU/bapu_108.jpg,2
BAPU/bapu_109.jpg,2
BAPU/bapu_110.jpg,2
BAPU/bapu_111.jpg,2
BAPU/bapu_112.jpg,2
BAPU/bapu_113.jpg,2
BAPU/bapu_114.jpg,2
BAPU/bapu_115.jpg,2
BAPU/bapu_116.jpg,2
BAPU/bapu_117.jpg,2
BAPU/bapu_118.jpg,2
BAPU/bapu_119.jpg,2
BAPU/bapu_120.jpg,2
BAPU/bapu_121.jpg,2
BAPU/bapu_122.jpg,2
BAPU/bapu_123.jpg,2
BAPU/bapu_124.jpg,2
BAPU/bapu_125.jpg,2
BAPU/bapu_126.jpg,2
BAPU/bapu_127.jpg,2
BAPU/bapu_128.jpg,2
BAPU/bapu_129.jpg,2
BAPU/bapu_130.jpg,2
BAPU/bapu_131.jpg,2
BAPU/bapu_132.jpg,2
BAPU/bapu_133.jpg,2
BAPU/bapu_134.jpg,2
BAPU/bapu_135.jpg,2
BAPU/bapu_136.jpg,2
BAPU/bapu_137.jpg,2
BAPU/bapu_138.jpg,2
BAPU/bapu_139.jpg,2
BAPU/bapu_140.jpg,2
BAPU/bapu_141.jpg,2
BAPU/bapu_142.jpg,2
BAPU/bapu_143.jpg,2
BAPU/bapu_144.jpg,2
BAPU/bapu_145.jpg,2
BAPU/bapu_146.jpg,2
BAPU/bapu_147.jpg,2
BAPU/bapu_148.jpg,2
BAPU/bapu_149.jpg,2
BAPU/bapu_150.jpg,2
BAPU/bapu_151.jpg,2
BAPU/bapu_152.jpg,2
BAPU/bapu_153.jpg,2
BAPU/bapu_154.jpg,2
BAPU/bapu_155.jpg,2
BAPU/bapu_156.jpg,2
BAPU/bapu_157.jpg,2
BAPU/bapu_158.jpg,2
BAPU/bapu_159.jpg,2
BAPU/bapu_160.jpg,2
BAPU/bapu_161.jpg,2
BAPU/bapu_162.jpg,2
BAPU/bapu_163.jpg,2
BAPU/bapu_164.jpg,2
BAPU/bapu_165.jpg,2
BAPU/bapu_166.jpg,2
BAPU/bapu_167.jpg,2
BAPU/bapu_168.jpg,2
BAPU/bapu_169.jpg,2
BAPU/bapu_170.jpg,2
BAPU/bapu_171.jpg,2
BAPU/bapu_172.jpg,2
BAPU/bapu_173.jpg,2
BAPU/bapu_174.jpg,2
BAPU/bapu_175.jpg,2
BAPU/bapu_176.jpg,2
BAPU/bapu_177.jpg,2
BAPU/bapu_178.jpg,2
BAPU/bapu_179.jpg,2
BAPU/bapu_180.jpg,2
BAPU/bapu_181.jpg,2
BAPU/bapu_182.jpg,2
BAPU/bapu_183.jpg,2
BAPU/bapu_184.jpg,2
BAPU/bapu_185.jpg,2
BAPU/bapu_186.jpg,2
BAPU/bapu_187.jpg,2
BAPU/bapu_188.jpg,2
BAPU/bapu_189.jpg,2
BAPU/bapu_190.jpg,2
BAPU/bapu_191.jpg,2
BAPU/bapu_192.jpg,2
BAPU/bapu_193.jpg,2
BAPU/bapu_194.jpg,2
BAPU/bapu_195.jpg,2
BAPU/bapu_196.jpg,2
BAPU/bapu_197.jpg,2
BAPU/bapu_198.jpg,2
BAPU/bapu_199.jpg,2
BAPU/bapu_200.jpg,2
