RAVI_VARMA/ravi_varma_01.jpg,1
RAVI_VARMA/ravi_varma_02.jpg,1
RAVI_VARMA/ravi_varma_03.jpg,1
RAVI_VARMA/ravi_varma_04.jpg,1
RAVI_VARMA/ravi_varma_05.jpg,1
RAVI_VARMA/ravi_varma_06.jpg,1
RAVI_VARMA/ravi_varma_07.jpg,1
RAVI_VARMA/ravi_varma_08.jpg,1
RAVI_VARMA/ravi_varma_08.jpg,1
RAVI_VARMA/ravi_varma_10.jpg,1
RAVI_VARMA/ravi_varma_11.jpg,1
RAVI_VARMA/ravi_varma_12.jpg,1
RAVI_VARMA/ravi_varma_13.jpg,1
RAVI_VARMA/ravi_varma_14.jpg,1
RAVI_VARMA/ravi_varma_15.jpg,1
RAVI_VARMA/ravi_varma_16.jpg,1
RAVI_VARMA/ravi_varma_17.jpg,1
RAVI_VARMA/ravi_varma_18.jpg,1
RAVI_VARMA/ravi_varma_19.jpg,1
RAVI_VARMA/ravi_varma_20.jpg,1
RAVI_VARMA/ravi_varma_21.jpg,1
RAVI_VARMA/ravi_varma_22.jpg,1
RAVI_VARMA/ravi_varma_23.jpg,1
RAVI_VARMA/ravi_varma_24.jpg,1
RAVI_VARMA/ravi_varma_25.jpg,1
RAVI_VARMA/ravi_varma_26.jpg,1
RAVI_VARMA/ravi_varma_27.jpg,1
RAVI_VARMA/ravi_varma_28.jpg,1
RAVI_VARMA/ravi_varma_29.jpg,1
RAVI_VARMA/ravi_varma_30.jpg,1
RAVI_VARMA/ravi_varma_31.jpg,1
RAVI_VARMA/ravi_varma_32.jpg,1
RAVI_VARMA/ravi_varma_33.jpg,1
RAVI_VARMA/ravi_varma_34.jpg,1
RAVI_VARMA/ravi_varma_35.jpg,1
RAVI_VARMA/ravi_varma_36.jpg,1
RAVI_VARMA/ravi_varma_37.jpg,1
RAVI_VARMA/ravi_varma_38.jpg,1
RAVI_VARMA/ravi_varma_39.jpg,1
RAVI_VARMA/ravi_varma_40.jpg,1
RAVI_VARMA/ravi_varma_41.jpg,1
RAVI_VARMA/ravi_varma_42.jpg,1
RAVI_VARMA/ravi_varma_43.jpg,1
RAVI_VARMA/ravi_varma_44.jpg,1
RAVI_VARMA/ravi_varma_45.jpg,1
RAVI_VARMA/ravi_varma_46.jpg,1
RAVI_VARMA/ravi_varma_47.jpg,1
RAVI_VARMA/ravi_varma_48.jpg,1
RAVI_VARMA/ravi_varma_49.jpg,1
RAVI_VARMA/ravi_varma_50.jpg,1
RAVI_VARMA/ravi_varma_51.jpg,1
RAVI_VARMA/ravi_varma_52.jpg,1
RAVI_VARMA/ravi_varma_53.jpg,1
RAVI_VARMA/ravi_varma_54.jpg,1
RAVI_VARMA/ravi_varma_55.jpg,1
RAVI_VARMA/ravi_varma_56.jpg,1
RAVI_VARMA/ravi_varma_57.jpg,1
RAVI_VARMA/ravi_varma_58.jpg,1
RAVI_VARMA/ravi_varma_59.jpg,1
RAVI_VARMA/ravi_varma_60.jpg,1
RAVI_VARMA/ravi_varma_61.jpg,1
RAVI_VARMA/ravi_varma_62.jpg,1
RAVI_VARMA/ravi_varma_63.jpg,1
RAVI_VARMA/ravi_varma_64.jpg,1
RAVI_VARMA/ravi_varma_65.jpg,1
RAVI_VARMA/ravi_varma_66.jpg,1
RAVI_VARMA/ravi_varma_67.jpg,1
RAVI_VARMA/ravi_varma_68.jpg,1
RAVI_VARMA/ravi_varma_69.jpg,1
RAVI_VARMA/ravi_varma_70.jpg,1
RAVI_VARMA/ravi_varma_71.jpg,1
RAVI_VARMA/ravi_varma_72.jpg,1
RAVI_VARMA/ravi_varma_73.jpg,1
RAVI_VARMA/ravi_varma_74.jpg,1
RAVI_VARMA/ravi_varma_75.jpg,1
RAVI_VARMA/ravi_varma_76.jpg,1
RAVI_VARMA/ravi_varma_77.jpg,1
RAVI_VARMA/ravi_varma_78.jpg,1
RAVI_VARMA/ravi_varma_79.jpg,1
RAVI_VARMA/ravi_varma_80.jpg,1
RAVI_VARMA/ravi_varma_81.jpg,1
RAVI_VARMA/ravi_varma_82.jpg,1
RAVI_VARMA/ravi_varma_83.jpg,1
RAVI_VARMA/ravi_varma_84.jpg,1
RAVI_VARMA/ravi_varma_85.jpg,1
RAVI_VARMA/ravi_varma_86.jpg,1
RAVI_VARMA/ravi_varma_87.jpg,1
RAVI_VARMA/ravi_varma_88.jpg,1
RAVI_VARMA/ravi_varma_89.jpg,1
RAVI_VARMA/ravi_varma_90.jpg,1
RAVI_VARMA/ravi_varma_91.jpg,1
RAVI_VARMA/ravi_varma_92.jpg,1
RAVI_VARMA/ravi_varma_93.jpg,1
RAVI_VARMA/ravi_varma_94.jpg,1
RAVI_VARMA/ravi_varma_95.jpg,1
RAVI_VARMA/ravi_varma_96.jpg,1
RAVI_VARMA/ravi_varma_97.jpg,1
RAVI_VARMA/ravi_varma_98.jpg,1
RAVI_VARMA/ravi_varma_99.jpg,1
RAVI_VARMA/ravi_varma_100.jpg,1
RAVI_VARMA/ravi_varma_101.jpg,1
RAVI_VARMA/ravi_varma_102.jpg,1
RAVI_VARMA/ravi_varma_103.jpg,1
RAVI_VARMA/ravi_varma_104.jpg,1
RAVI_VARMA/ravi_varma_105.jpg,1
RAVI_VARMA/ravi_varma_106.jpg,1
RAVI_VARMA/ravi_varma_107.jpg,1
RAVI_VARMA/ravi_varma_108.jpg,1
RAVI_VARMA/ravi_varma_109.jpg,1
RAVI_VARMA/ravi_varma_110.jpg,1
RAVI_VARMA/ravi_varma_111.jpg,1
RAVI_VARMA/ravi_varma_112.jpg,1
RAVI_VARMA/ravi_varma_113.jpg,1
RAVI_VARMA/ravi_varma_114.jpg,1
RAVI_VARMA/ravi_varma_115.jpg,1
RAVI_VARMA/ravi_varma_116.jpg,1
RAVI_VARMA/ravi_varma_117.jpg,1
RAVI_VARMA/ravi_varma_118.jpg,1
RAVI_VARMA/ravi_varma_119.jpg,1
RAVI_VARMA/ravi_varma_120.jpg,1
RAVI_VARMA/ravi_varma_121.jpg,1
RAVI_VARMA/ravi_varma_122.jpg,1
RAVI_VARMA/ravi_varma_123.jpg,1
RAVI_VARMA/ravi_varma_124.jpg,1
RAVI_VARMA/ravi_varma_125.jpg,1
RAVI_VARMA/ravi_varma_126.jpg,1
RAVI_VARMA/ravi_varma_127.jpg,1
RAVI_VARMA/ravi_varma_128.jpg,1
RAVI_VARMA/ravi_varma_129.jpg,1
RAVI_VARMA/ravi_varma_130.jpg,1
RAVI_VARMA/ravi_varma_131.jpg,1
RAVI_VARMA/ravi_varma_132.jpg,1
RAVI_VARMA/ravi_varma_133.jpg,1
RAVI_VARMA/ravi_varma_134.jpg,1
RAVI_VARMA/ravi_varma_135.jpg,1
RAVI_VARMA/ravi_varma_136.jpg,1
RAVI_VARMA/ravi_varma_137.jpg,1
RAVI_VARMA/ravi_varma_138.jpg,1
RAVI_VARMA/ravi_varma_139.jpg,1
RAVI_VARMA/ravi_varma_140.jpg,1
RAVI_VARMA/ravi_varma_141.jpg,1
RAVI_VARMA/ravi_varma_142.jpg,1
RAVI_VARMA/ravi_varma_143.jpg,1
RAVI_VARMA/ravi_varma_144.jpg,1
RAVI_VARMA/ravi_varma_145.jpg,1
RAVI_VARMA/ravi_varma_146.jpg,1
RAVI_VARMA/ravi_varma_147.jpg,1
RAVI_VARMA/ravi_varma_148.jpg,1
RAVI_VARMA/ravi_varma_149.jpg,1
RAVI_VARMA/ravi_varma_150.jpg,1
RAVI_VARMA/ravi_varma_151.jpg,1
RAVI_VARMA/ravi_varma_152.jpg,1
RAVI_VARMA/ravi_varma_153.jpg,1
RAVI_VARMA/ravi_varma_154.jpg,1
RAVI_VARMA/ravi_varma_155.jpg,1
RAVI_VARMA/ravi_varma_156.jpg,1
RAVI_VARMA/ravi_varma_157.jpg,1
RAVI_VARMA/ravi_varma_158.jpg,1
RAVI_VARMA/ravi_varma_159.jpg,1
RAVI_VARMA/ravi_varma_160.jpg,1
RAVI_VARMA/ravi_varma_161.jpg,1
RAVI_VARMA/ravi_varma_162.jpg,1
RAVI_VARMA/ravi_varma_163.jpg,1
RAVI_VARMA/ravi_varma_164.jpg,1
RAVI_VARMA/ravi_varma_165.jpg,1
RAVI_VARMA/ravi_varma_166.jpg,1
RAVI_VARMA/ravi_varma_167.jpg,1
RAVI_VARMA/ravi_varma_168.jpg,1
RAVI_VARMA/ravi_varma_169.jpg,1
RAVI_VARMA/ravi_varma_170.jpg,1
RAVI_VARMA/ravi_varma_171.jpg,1
RAVI_VARMA/ravi_varma_172.jpg,1
RAVI_VARMA/ravi_varma_173.jpg,1
RAVI_VARMA/ravi_varma_174.jpg,1
RAVI_VARMA/ravi_varma_175.jpg,1
RAVI_VARMA/ravi_varma_176.jpg,1
RAVI_VARMA/ravi_varma_177.jpg,1
RAVI_VARMA/ravi_varma_178.jpg,1
RAVI_VARMA/ravi_varma_179.jpg,1
RAVI_VARMA/ravi_varma_180.jpg,1
RAVI_VARMA/ravi_varma_181.jpg,1
RAVI_VARMA/ravi_varma_182.jpg,1
RAVI_VARMA/ravi_varma_183.jpg,1
RAVI_VARMA/ravi_varma_184.jpg,1
RAVI_VARMA/ravi_varma_185.jpg,1
RAVI_VARMA/ravi_varma_186.jpg,1
RAVI_VARMA/ravi_varma_187.jpg,1
RAVI_VARMA/ravi_varma_188.jpg,1
RAVI_VARMA/ravi_varma_189.jpg,1
RAVI_VARMA/ravi_varma_190.jpg,1
RAVI_VARMA/ravi_varma_191.jpg,1
RAVI_VARMA/ravi_varma_192.jpg,1
RAVI_VARMA/ravi_varma_193.jpg,1
RAVI_VARMA/ravi_varma_194.jpg,1
RAVI_VARMA/ravi_varma_195.jpg,1
RAVI_VARMA/ravi_varma_196.jpg,1
RAVI_VARMA/ravi_varma_197.jpg,1
RAVI_VARMA/ravi_varma_198.jpg,1
RAVI_VARMA/ravi_varma_199.jpg,1
RAVI_VARMA/ravi_varma_200.jpg,1
